"['Odmiana wyrazu: _dokonywaæ', 'Czas przesz³y, l.poj: Ja _dokonywa³em/_dokonywa³am/_dokonywa³om', 'Czas przesz³y, l.poj: Ty _dokonywa³eœ/_dokonywa³aœ/_dokonywa³oœ', 'Czas przesz³y, l.poj: On/Ona/Ono _dokonywa³/_dokonywa³a/_dokonywa³o', 'Czas przesz³y, l.m: My _dokonywaliœmy/_dokonywa³œmy', 'Czas przesz³y, l.m: Wy _dokonywaliœcie/_dokonywa³yœcie', 'Czas przesz³y, l.m: Oni/One _dokonywali/_dokonywa³y', 'Czas terazniejszy, l.poj: Ja _dokonujê', 'Czas terazniejszy, l.poj: Ty _dokonujesz', 'Czas terazniejszy, l.poj: On/Ona/Ono _dokonuje', 'Czas terazniejszy, l.m: My _dokonujemy', 'Czas terazniejszy, l.m: Wy _dokonujecie', 'Czas terazniejszy, l.m: Oni/One _dokonuj¹', 'Czas przysz³y, l.poj: Ja _dokonam', 'Czas przysz³y, l.poj: Ty _dokonasz', 'Czas przysz³y, l.poj: On/Ona/Ono _dokona', 'Czas przysz³y, l.m: My _dokonamy', 'Czas przysz³y, l.m: Wy _dokonacie', 'Czas przysz³y, l.m: Oni/One _dokonaj¹']"
"['Odmiana wyrazu: blajtlowaæ', 'Czas przesz³y, l.poj: Ja blajtlowa³em/blajtlowa³am/blajtlowa³om', 'Czas przesz³y, l.poj: Ty blajtlowa³eœ/blajtlowa³aœ/blajtlowa³oœ', 'Czas przesz³y, l.poj: On/Ona/Ono blajtlowa³/blajtlowa³a/blajtlowa³o', 'Czas przesz³y, l.m: My blajtlowaliœmy/blajtlowa³œmy', 'Czas przesz³y, l.m: Wy blajtlowaliœcie/blajtlowa³yœcie', 'Czas przesz³y, l.m: Oni/One blajtlowali/blajtlowa³y', 'Czas terazniejszy, l.poj: Ja blajtlujê', 'Czas terazniejszy, l.poj: Ty blajtlujesz', 'Czas terazniejszy, l.poj: On/Ona/Ono blajtluje', 'Czas terazniejszy, l.m: My blajtlujemy', 'Czas terazniejszy, l.m: Wy blajtlujecie', 'Czas terazniejszy, l.m: Oni/One blajtluj¹', 'Czas przysz³y, l.poj: Ja blajtlam', 'Czas przysz³y, l.poj: Ty blajtlasz', 'Czas przysz³y, l.poj: On/Ona/Ono blajtla', 'Czas przysz³y, l.m: My blajtlamy', 'Czas przysz³y, l.m: Wy blajtlacie', 'Czas przysz³y, l.m: Oni/One blajtlaj¹']"
"['Odmiana wyrazu: blakn¹æ', 'Czas przesz³y, l.poj: Ja blakn¹³em/blakn¹³am/blakn¹³om', 'Czas przesz³y, l.poj: Ty blakn¹³eœ/blakn¹³aœ/blakn¹³oœ', 'Czas przesz³y, l.poj: On/Ona/Ono blakn¹³/blakn¹³a/blakn¹³o', 'Czas przesz³y, l.m: My blakn¹liœmy/blakn¹³œmy', 'Czas przesz³y, l.m: Wy blakn¹liœcie/blakn¹³yœcie', 'Czas przesz³y, l.m: Oni/One blakn¹li/blakn¹³y', 'Czas terazniejszy, l.poj: Ja blaujê', 'Czas terazniejszy, l.poj: Ty blaujesz', 'Czas terazniejszy, l.poj: On/Ona/Ono blauje', 'Czas terazniejszy, l.m: My blaujemy', 'Czas terazniejszy, l.m: Wy blaujecie', 'Czas terazniejszy, l.m: Oni/One blauj¹', 'Czas przysz³y, l.poj: Ja blaam', 'Czas przysz³y, l.poj: Ty blaasz', 'Czas przysz³y, l.poj: On/Ona/Ono blaa', 'Czas przysz³y, l.m: My blaamy', 'Czas przysz³y, l.m: Wy blaacie', 'Czas przysz³y, l.m: Oni/One blaaj¹']"
"['Odmiana wyrazu: branzlowaæ', 'Czas przesz³y, l.poj: Ja branzlowa³em/branzlowa³am/branzlowa³om', 'Czas przesz³y, l.poj: Ty branzlowa³eœ/branzlowa³aœ/branzlowa³oœ', 'Czas przesz³y, l.poj: On/Ona/Ono branzlowa³/branzlowa³a/branzlowa³o', 'Czas przesz³y, l.m: My branzlowaliœmy/branzlowa³œmy', 'Czas przesz³y, l.m: Wy branzlowaliœcie/branzlowa³yœcie', 'Czas przesz³y, l.m: Oni/One branzlowali/branzlowa³y', 'Czas terazniejszy, l.poj: Ja branzlujê', 'Czas terazniejszy, l.poj: Ty branzlujesz', 'Czas terazniejszy, l.poj: On/Ona/Ono branzluje', 'Czas terazniejszy, l.m: My branzlujemy', 'Czas terazniejszy, l.m: Wy branzlujecie', 'Czas terazniejszy, l.m: Oni/One branzluj¹', 'Czas przysz³y, l.poj: Ja branzlam', 'Czas przysz³y, l.poj: Ty branzlasz', 'Czas przysz³y, l.poj: On/Ona/Ono branzla', 'Czas przysz³y, l.m: My branzlamy', 'Czas przysz³y, l.m: Wy branzlacie', 'Czas przysz³y, l.m: Oni/One branzlaj¹']"
"['Odmiana wyrazu: brzyæ', 'Czas przesz³y, l.poj: Ja brzy³em/brzy³am/brzy³om', 'Czas przesz³y, l.poj: Ty brzy³eœ/brzy³aœ/brzy³oœ', 'Czas przesz³y, l.poj: On/Ona/Ono brzy³/brzy³a/brzy³o', 'Czas przesz³y, l.m: My brzyliœmy/brzy³œmy', 'Czas przesz³y, l.m: Wy brzyliœcie/brzy³yœcie', 'Czas przesz³y, l.m: Oni/One brzyli/brzy³y', 'Czas terazniejszy, l.poj: Ja bujê', 'Czas terazniejszy, l.poj: Ty bujesz', 'Czas terazniejszy, l.poj: On/Ona/Ono buje', 'Czas terazniejszy, l.m: My bujemy', 'Czas terazniejszy, l.m: Wy bujecie', 'Czas terazniejszy, l.m: Oni/One buj¹', 'Czas przysz³y, l.poj: Ja bam', 'Czas przysz³y, l.poj: Ty basz', 'Czas przysz³y, l.poj: On/Ona/Ono ba', 'Czas przysz³y, l.m: My bamy', 'Czas przysz³y, l.m: Wy bacie', 'Czas przysz³y, l.m: Oni/One baj¹']"
"['Odmiana wyrazu: interioryzowaæ', 'Czas przesz³y, l.poj: Ja interioryzowa³em/interioryzowa³am/interioryzowa³om', 'Czas przesz³y, l.poj: Ty interioryzowa³eœ/interioryzowa³aœ/interioryzowa³oœ', 'Czas przesz³y, l.poj: On/Ona/Ono interioryzowa³/interioryzowa³a/interioryzowa³o', 'Czas przesz³y, l.m: My interioryzowaliœmy/interioryzowa³œmy', 'Czas przesz³y, l.m: Wy interioryzowaliœcie/interioryzowa³yœcie', 'Czas przesz³y, l.m: Oni/One interioryzowali/interioryzowa³y', 'Czas terazniejszy, l.poj: Ja interioryzujê', 'Czas terazniejszy, l.poj: Ty interioryzujesz', 'Czas terazniejszy, l.poj: On/Ona/Ono interioryzuje', 'Czas terazniejszy, l.m: My interioryzujemy', 'Czas terazniejszy, l.m: Wy interioryzujecie', 'Czas terazniejszy, l.m: Oni/One interioryzuj¹', 'Czas przysz³y, l.poj: Ja interioryzam', 'Czas przysz³y, l.poj: Ty interioryzasz', 'Czas przysz³y, l.poj: On/Ona/Ono interioryza', 'Czas przysz³y, l.m: My interioryzamy', 'Czas przysz³y, l.m: Wy interioryzacie', 'Czas przysz³y, l.m: Oni/One interioryzaj¹']"
"['Odmiana wyrazu: markowaæ', 'Czas przesz³y, l.poj: Ja markowa³em/markowa³am/markowa³om', 'Czas przesz³y, l.poj: Ty markowa³eœ/markowa³aœ/markowa³oœ', 'Czas przesz³y, l.poj: On/Ona/Ono markowa³/markowa³a/markowa³o', 'Czas przesz³y, l.m: My markowaliœmy/markowa³œmy', 'Czas przesz³y, l.m: Wy markowaliœcie/markowa³yœcie', 'Czas przesz³y, l.m: Oni/One markowali/markowa³y', 'Czas terazniejszy, l.poj: Ja markujê', 'Czas terazniejszy, l.poj: Ty markujesz', 'Czas terazniejszy, l.poj: On/Ona/Ono markuje', 'Czas terazniejszy, l.m: My markujemy', 'Czas terazniejszy, l.m: Wy markujecie', 'Czas terazniejszy, l.m: Oni/One markuj¹', 'Czas przysz³y, l.poj: Ja markam', 'Czas przysz³y, l.poj: Ty markasz', 'Czas przysz³y, l.poj: On/Ona/Ono marka', 'Czas przysz³y, l.m: My markamy', 'Czas przysz³y, l.m: Wy markacie', 'Czas przysz³y, l.m: Oni/One markaj¹']"
"['Odmiana wyrazu: miesiæ', 'Czas przesz³y, l.poj: Ja miesi³em/miesi³am/miesi³om', 'Czas przesz³y, l.poj: Ty miesi³eœ/miesi³aœ/miesi³oœ', 'Czas przesz³y, l.poj: On/Ona/Ono miesi³/miesi³a/miesi³o', 'Czas przesz³y, l.m: My miesiliœmy/miesi³œmy', 'Czas przesz³y, l.m: Wy miesiliœcie/miesi³yœcie', 'Czas przesz³y, l.m: Oni/One miesili/miesi³y', 'Czas terazniejszy, l.poj: Ja miujê', 'Czas terazniejszy, l.poj: Ty miujesz', 'Czas terazniejszy, l.poj: On/Ona/Ono miuje', 'Czas terazniejszy, l.m: My miujemy', 'Czas terazniejszy, l.m: Wy miujecie', 'Czas terazniejszy, l.m: Oni/One miuj¹', 'Czas przysz³y, l.poj: Ja miam', 'Czas przysz³y, l.poj: Ty miasz', 'Czas przysz³y, l.poj: On/Ona/Ono mia', 'Czas przysz³y, l.m: My miamy', 'Czas przysz³y, l.m: Wy miacie', 'Czas przysz³y, l.m: Oni/One miaj¹']"
"['Odmiana wyrazu: nadziewaæ', 'Czas przesz³y, l.poj: Ja nadziewa³em/nadziewa³am/nadziewa³om', 'Czas przesz³y, l.poj: Ty nadziewa³eœ/nadziewa³aœ/nadziewa³oœ', 'Czas przesz³y, l.poj: On/Ona/Ono nadziewa³/nadziewa³a/nadziewa³o', 'Czas przesz³y, l.m: My nadziewaliœmy/nadziewa³œmy', 'Czas przesz³y, l.m: Wy nadziewaliœcie/nadziewa³yœcie', 'Czas przesz³y, l.m: Oni/One nadziewali/nadziewa³y', 'Czas terazniejszy, l.poj: Ja nadziujê', 'Czas terazniejszy, l.poj: Ty nadziujesz', 'Czas terazniejszy, l.poj: On/Ona/Ono nadziuje', 'Czas terazniejszy, l.m: My nadziujemy', 'Czas terazniejszy, l.m: Wy nadziujecie', 'Czas terazniejszy, l.m: Oni/One nadziuj¹', 'Czas przysz³y, l.poj: Ja nadziam', 'Czas przysz³y, l.poj: Ty nadziasz', 'Czas przysz³y, l.poj: On/Ona/Ono nadzia', 'Czas przysz³y, l.m: My nadziamy', 'Czas przysz³y, l.m: Wy nadziacie', 'Czas przysz³y, l.m: Oni/One nadziaj¹']"
"['Odmiana wyrazu: obezsiliæ', 'Czas przesz³y, l.poj: Ja obezsili³em/obezsili³am/obezsili³om', 'Czas przesz³y, l.poj: Ty obezsili³eœ/obezsili³aœ/obezsili³oœ', 'Czas przesz³y, l.poj: On/Ona/Ono obezsili³/obezsili³a/obezsili³o', 'Czas przesz³y, l.m: My obezsililiœmy/obezsili³œmy', 'Czas przesz³y, l.m: Wy obezsililiœcie/obezsili³yœcie', 'Czas przesz³y, l.m: Oni/One obezsilili/obezsili³y', 'Czas terazniejszy, l.poj: Ja obezsujê', 'Czas terazniejszy, l.poj: Ty obezsujesz', 'Czas terazniejszy, l.poj: On/Ona/Ono obezsuje', 'Czas terazniejszy, l.m: My obezsujemy', 'Czas terazniejszy, l.m: Wy obezsujecie', 'Czas terazniejszy, l.m: Oni/One obezsuj¹', 'Czas przysz³y, l.poj: Ja obezsam', 'Czas przysz³y, l.poj: Ty obezsasz', 'Czas przysz³y, l.poj: On/Ona/Ono obezsa', 'Czas przysz³y, l.m: My obezsamy', 'Czas przysz³y, l.m: Wy obezsacie', 'Czas przysz³y, l.m: Oni/One obezsaj¹']"
"['Odmiana wyrazu: odczyniæ', 'Czas przesz³y, l.poj: Ja odczyni³em/odczyni³am/odczyni³om', 'Czas przesz³y, l.poj: Ty odczyni³eœ/odczyni³aœ/odczyni³oœ', 'Czas przesz³y, l.poj: On/Ona/Ono odczyni³/odczyni³a/odczyni³o', 'Czas przesz³y, l.m: My odczyniliœmy/odczyni³œmy', 'Czas przesz³y, l.m: Wy odczyniliœcie/odczyni³yœcie', 'Czas przesz³y, l.m: Oni/One odczynili/odczyni³y', 'Czas terazniejszy, l.poj: Ja odczujê', 'Czas terazniejszy, l.poj: Ty odczujesz', 'Czas terazniejszy, l.poj: On/Ona/Ono odczuje', 'Czas terazniejszy, l.m: My odczujemy', 'Czas terazniejszy, l.m: Wy odczujecie', 'Czas terazniejszy, l.m: Oni/One odczuj¹', 'Czas przysz³y, l.poj: Ja odczam', 'Czas przysz³y, l.poj: Ty odczasz', 'Czas przysz³y, l.poj: On/Ona/Ono odcza', 'Czas przysz³y, l.m: My odczamy', 'Czas przysz³y, l.m: Wy odczacie', 'Czas przysz³y, l.m: Oni/One odczaj¹']"
"['Odmiana wyrazu: odzmys³owiæ', 'Czas przesz³y, l.poj: Ja odzmys³owi³em/odzmys³owi³am/odzmys³owi³om', 'Czas przesz³y, l.poj: Ty odzmys³owi³eœ/odzmys³owi³aœ/odzmys³owi³oœ', 'Czas przesz³y, l.poj: On/Ona/Ono odzmys³owi³/odzmys³owi³a/odzmys³owi³o', 'Czas przesz³y, l.m: My odzmys³owiliœmy/odzmys³owi³œmy', 'Czas przesz³y, l.m: Wy odzmys³owiliœcie/odzmys³owi³yœcie', 'Czas przesz³y, l.m: Oni/One odzmys³owili/odzmys³owi³y', 'Czas terazniejszy, l.poj: Ja odzmys³ujê', 'Czas terazniejszy, l.poj: Ty odzmys³ujesz', 'Czas terazniejszy, l.poj: On/Ona/Ono odzmys³uje', 'Czas terazniejszy, l.m: My odzmys³ujemy', 'Czas terazniejszy, l.m: Wy odzmys³ujecie', 'Czas terazniejszy, l.m: Oni/One odzmys³uj¹', 'Czas przysz³y, l.poj: Ja odzmys³am', 'Czas przysz³y, l.poj: Ty odzmys³asz', 'Czas przysz³y, l.poj: On/Ona/Ono odzmys³a', 'Czas przysz³y, l.m: My odzmys³amy', 'Czas przysz³y, l.m: Wy odzmys³acie', 'Czas przysz³y, l.m: Oni/One odzmys³aj¹']"
"['Odmiana wyrazu: podczytywaæ', 'Czas przesz³y, l.poj: Ja podczytywa³em/podczytywa³am/podczytywa³om', 'Czas przesz³y, l.poj: Ty podczytywa³eœ/podczytywa³aœ/podczytywa³oœ', 'Czas przesz³y, l.poj: On/Ona/Ono podczytywa³/podczytywa³a/podczytywa³o', 'Czas przesz³y, l.m: My podczytywaliœmy/podczytywa³œmy', 'Czas przesz³y, l.m: Wy podczytywaliœcie/podczytywa³yœcie', 'Czas przesz³y, l.m: Oni/One podczytywali/podczytywa³y', 'Czas terazniejszy, l.poj: Ja podczytujê', 'Czas terazniejszy, l.poj: Ty podczytujesz', 'Czas terazniejszy, l.poj: On/Ona/Ono podczytuje', 'Czas terazniejszy, l.m: My podczytujemy', 'Czas terazniejszy, l.m: Wy podczytujecie', 'Czas terazniejszy, l.m: Oni/One podczytuj¹', 'Czas przysz³y, l.poj: Ja podczytam', 'Czas przysz³y, l.poj: Ty podczytasz', 'Czas przysz³y, l.poj: On/Ona/Ono podczyta', 'Czas przysz³y, l.m: My podczytamy', 'Czas przysz³y, l.m: Wy podczytacie', 'Czas przysz³y, l.m: Oni/One podczytaj¹']"
"['Odmiana wyrazu: podpajaæ', 'Czas przesz³y, l.poj: Ja podpaja³em/podpaja³am/podpaja³om', 'Czas przesz³y, l.poj: Ty podpaja³eœ/podpaja³aœ/podpaja³oœ', 'Czas przesz³y, l.poj: On/Ona/Ono podpaja³/podpaja³a/podpaja³o', 'Czas przesz³y, l.m: My podpajaliœmy/podpaja³œmy', 'Czas przesz³y, l.m: Wy podpajaliœcie/podpaja³yœcie', 'Czas przesz³y, l.m: Oni/One podpajali/podpaja³y', 'Czas terazniejszy, l.poj: Ja podpujê', 'Czas terazniejszy, l.poj: Ty podpujesz', 'Czas terazniejszy, l.poj: On/Ona/Ono podpuje', 'Czas terazniejszy, l.m: My podpujemy', 'Czas terazniejszy, l.m: Wy podpujecie', 'Czas terazniejszy, l.m: Oni/One podpuj¹', 'Czas przysz³y, l.poj: Ja podpam', 'Czas przysz³y, l.poj: Ty podpasz', 'Czas przysz³y, l.poj: On/Ona/Ono podpa', 'Czas przysz³y, l.m: My podpamy', 'Czas przysz³y, l.m: Wy podpacie', 'Czas przysz³y, l.m: Oni/One podpaj¹']"
"['Odmiana wyrazu: podstrzyæ', 'Czas przesz³y, l.poj: Ja podstrzy³em/podstrzy³am/podstrzy³om', 'Czas przesz³y, l.poj: Ty podstrzy³eœ/podstrzy³aœ/podstrzy³oœ', 'Czas przesz³y, l.poj: On/Ona/Ono podstrzy³/podstrzy³a/podstrzy³o', 'Czas przesz³y, l.m: My podstrzyliœmy/podstrzy³œmy', 'Czas przesz³y, l.m: Wy podstrzyliœcie/podstrzy³yœcie', 'Czas przesz³y, l.m: Oni/One podstrzyli/podstrzy³y', 'Czas terazniejszy, l.poj: Ja podstujê', 'Czas terazniejszy, l.poj: Ty podstujesz', 'Czas terazniejszy, l.poj: On/Ona/Ono podstuje', 'Czas terazniejszy, l.m: My podstujemy', 'Czas terazniejszy, l.m: Wy podstujecie', 'Czas terazniejszy, l.m: Oni/One podstuj¹', 'Czas przysz³y, l.poj: Ja podstam', 'Czas przysz³y, l.poj: Ty podstasz', 'Czas przysz³y, l.poj: On/Ona/Ono podsta', 'Czas przysz³y, l.m: My podstamy', 'Czas przysz³y, l.m: Wy podstacie', 'Czas przysz³y, l.m: Oni/One podstaj¹']"
"['Odmiana wyrazu: podzwaniaæ', 'Czas przesz³y, l.poj: Ja podzwania³em/podzwania³am/podzwania³om', 'Czas przesz³y, l.poj: Ty podzwania³eœ/podzwania³aœ/podzwania³oœ', 'Czas przesz³y, l.poj: On/Ona/Ono podzwania³/podzwania³a/podzwania³o', 'Czas przesz³y, l.m: My podzwanialiœmy/podzwania³œmy', 'Czas przesz³y, l.m: Wy podzwanialiœcie/podzwania³yœcie', 'Czas przesz³y, l.m: Oni/One podzwaniali/podzwania³y', 'Czas terazniejszy, l.poj: Ja podzwaujê', 'Czas terazniejszy, l.poj: Ty podzwaujesz', 'Czas terazniejszy, l.poj: On/Ona/Ono podzwauje', 'Czas terazniejszy, l.m: My podzwaujemy', 'Czas terazniejszy, l.m: Wy podzwaujecie', 'Czas terazniejszy, l.m: Oni/One podzwauj¹', 'Czas przysz³y, l.poj: Ja podzwaam', 'Czas przysz³y, l.poj: Ty podzwaasz', 'Czas przysz³y, l.poj: On/Ona/Ono podzwaa', 'Czas przysz³y, l.m: My podzwaamy', 'Czas przysz³y, l.m: Wy podzwaacie', 'Czas przysz³y, l.m: Oni/One podzwaaj¹']"
"['Odmiana wyrazu: pod¿artowywaæ', 'Czas przesz³y, l.poj: Ja pod¿artowywa³em/pod¿artowywa³am/pod¿artowywa³om', 'Czas przesz³y, l.poj: Ty pod¿artowywa³eœ/pod¿artowywa³aœ/pod¿artowywa³oœ', 'Czas przesz³y, l.poj: On/Ona/Ono pod¿artowywa³/pod¿artowywa³a/pod¿artowywa³o', 'Czas przesz³y, l.m: My pod¿artowywaliœmy/pod¿artowywa³œmy', 'Czas przesz³y, l.m: Wy pod¿artowywaliœcie/pod¿artowywa³yœcie', 'Czas przesz³y, l.m: Oni/One pod¿artowywali/pod¿artowywa³y', 'Czas terazniejszy, l.poj: Ja pod¿artowujê', 'Czas terazniejszy, l.poj: Ty pod¿artowujesz', 'Czas terazniejszy, l.poj: On/Ona/Ono pod¿artowuje', 'Czas terazniejszy, l.m: My pod¿artowujemy', 'Czas terazniejszy, l.m: Wy pod¿artowujecie', 'Czas terazniejszy, l.m: Oni/One pod¿artowuj¹', 'Czas przysz³y, l.poj: Ja pod¿artowam', 'Czas przysz³y, l.poj: Ty pod¿artowasz', 'Czas przysz³y, l.poj: On/Ona/Ono pod¿artowa', 'Czas przysz³y, l.m: My pod¿artowamy', 'Czas przysz³y, l.m: Wy pod¿artowacie', 'Czas przysz³y, l.m: Oni/One pod¿artowaj¹']"
"['Odmiana wyrazu: powynajmowaæ', 'Czas przesz³y, l.poj: Ja powynajmowa³em/powynajmowa³am/powynajmowa³om', 'Czas przesz³y, l.poj: Ty powynajmowa³eœ/powynajmowa³aœ/powynajmowa³oœ', 'Czas przesz³y, l.poj: On/Ona/Ono powynajmowa³/powynajmowa³a/powynajmowa³o', 'Czas przesz³y, l.m: My powynajmowaliœmy/powynajmowa³œmy', 'Czas przesz³y, l.m: Wy powynajmowaliœcie/powynajmowa³yœcie', 'Czas przesz³y, l.m: Oni/One powynajmowali/powynajmowa³y', 'Czas terazniejszy, l.poj: Ja powynajmujê', 'Czas terazniejszy, l.poj: Ty powynajmujesz', 'Czas terazniejszy, l.poj: On/Ona/Ono powynajmuje', 'Czas terazniejszy, l.m: My powynajmujemy', 'Czas terazniejszy, l.m: Wy powynajmujecie', 'Czas terazniejszy, l.m: Oni/One powynajmuj¹', 'Czas przysz³y, l.poj: Ja powynajmam', 'Czas przysz³y, l.poj: Ty powynajmasz', 'Czas przysz³y, l.poj: On/Ona/Ono powynajma', 'Czas przysz³y, l.m: My powynajmamy', 'Czas przysz³y, l.m: Wy powynajmacie', 'Czas przysz³y, l.m: Oni/One powynajmaj¹']"
"['Odmiana wyrazu: pozamykaæ', 'Czas przesz³y, l.poj: Ja pozamyka³em/pozamyka³am/pozamyka³om', 'Czas przesz³y, l.poj: Ty pozamyka³eœ/pozamyka³aœ/pozamyka³oœ', 'Czas przesz³y, l.poj: On/Ona/Ono pozamyka³/pozamyka³a/pozamyka³o', 'Czas przesz³y, l.m: My pozamykaliœmy/pozamyka³œmy', 'Czas przesz³y, l.m: Wy pozamykaliœcie/pozamyka³yœcie', 'Czas przesz³y, l.m: Oni/One pozamykali/pozamyka³y', 'Czas terazniejszy, l.poj: Ja pozamujê', 'Czas terazniejszy, l.poj: Ty pozamujesz', 'Czas terazniejszy, l.poj: On/Ona/Ono pozamuje', 'Czas terazniejszy, l.m: My pozamujemy', 'Czas terazniejszy, l.m: Wy pozamujecie', 'Czas terazniejszy, l.m: Oni/One pozamuj¹', 'Czas przysz³y, l.poj: Ja pozamam', 'Czas przysz³y, l.poj: Ty pozamasz', 'Czas przysz³y, l.poj: On/Ona/Ono pozama', 'Czas przysz³y, l.m: My pozamamy', 'Czas przysz³y, l.m: Wy pozamacie', 'Czas przysz³y, l.m: Oni/One pozamaj¹']"
"['Odmiana wyrazu: przek¹szaæ', 'Czas przesz³y, l.poj: Ja przek¹sza³em/przek¹sza³am/przek¹sza³om', 'Czas przesz³y, l.poj: Ty przek¹sza³eœ/przek¹sza³aœ/przek¹sza³oœ', 'Czas przesz³y, l.poj: On/Ona/Ono przek¹sza³/przek¹sza³a/przek¹sza³o', 'Czas przesz³y, l.m: My przek¹szaliœmy/przek¹sza³œmy', 'Czas przesz³y, l.m: Wy przek¹szaliœcie/przek¹sza³yœcie', 'Czas przesz³y, l.m: Oni/One przek¹szali/przek¹sza³y', 'Czas terazniejszy, l.poj: Ja przek¹ujê', 'Czas terazniejszy, l.poj: Ty przek¹ujesz', 'Czas terazniejszy, l.poj: On/Ona/Ono przek¹uje', 'Czas terazniejszy, l.m: My przek¹ujemy', 'Czas terazniejszy, l.m: Wy przek¹ujecie', 'Czas terazniejszy, l.m: Oni/One przek¹uj¹', 'Czas przysz³y, l.poj: Ja przek¹am', 'Czas przysz³y, l.poj: Ty przek¹asz', 'Czas przysz³y, l.poj: On/Ona/Ono przek¹a', 'Czas przysz³y, l.m: My przek¹amy', 'Czas przysz³y, l.m: Wy przek¹acie', 'Czas przysz³y, l.m: Oni/One przek¹aj¹']"
"['Odmiana wyrazu: retyrowaæ', 'Czas przesz³y, l.poj: Ja retyrowa³em/retyrowa³am/retyrowa³om', 'Czas przesz³y, l.poj: Ty retyrowa³eœ/retyrowa³aœ/retyrowa³oœ', 'Czas przesz³y, l.poj: On/Ona/Ono retyrowa³/retyrowa³a/retyrowa³o', 'Czas przesz³y, l.m: My retyrowaliœmy/retyrowa³œmy', 'Czas przesz³y, l.m: Wy retyrowaliœcie/retyrowa³yœcie', 'Czas przesz³y, l.m: Oni/One retyrowali/retyrowa³y', 'Czas terazniejszy, l.poj: Ja retyrujê', 'Czas terazniejszy, l.poj: Ty retyrujesz', 'Czas terazniejszy, l.poj: On/Ona/Ono retyruje', 'Czas terazniejszy, l.m: My retyrujemy', 'Czas terazniejszy, l.m: Wy retyrujecie', 'Czas terazniejszy, l.m: Oni/One retyruj¹', 'Czas przysz³y, l.poj: Ja retyram', 'Czas przysz³y, l.poj: Ty retyrasz', 'Czas przysz³y, l.poj: On/Ona/Ono retyra', 'Czas przysz³y, l.m: My retyramy', 'Czas przysz³y, l.m: Wy retyracie', 'Czas przysz³y, l.m: Oni/One retyraj¹']"
"['Odmiana wyrazu: robinsonowaæ', 'Czas przesz³y, l.poj: Ja robinsonowa³em/robinsonowa³am/robinsonowa³om', 'Czas przesz³y, l.poj: Ty robinsonowa³eœ/robinsonowa³aœ/robinsonowa³oœ', 'Czas przesz³y, l.poj: On/Ona/Ono robinsonowa³/robinsonowa³a/robinsonowa³o', 'Czas przesz³y, l.m: My robinsonowaliœmy/robinsonowa³œmy', 'Czas przesz³y, l.m: Wy robinsonowaliœcie/robinsonowa³yœcie', 'Czas przesz³y, l.m: Oni/One robinsonowali/robinsonowa³y', 'Czas terazniejszy, l.poj: Ja robinsonujê', 'Czas terazniejszy, l.poj: Ty robinsonujesz', 'Czas terazniejszy, l.poj: On/Ona/Ono robinsonuje', 'Czas terazniejszy, l.m: My robinsonujemy', 'Czas terazniejszy, l.m: Wy robinsonujecie', 'Czas terazniejszy, l.m: Oni/One robinsonuj¹', 'Czas przysz³y, l.poj: Ja robinsonam', 'Czas przysz³y, l.poj: Ty robinsonasz', 'Czas przysz³y, l.poj: On/Ona/Ono robinsona', 'Czas przysz³y, l.m: My robinsonamy', 'Czas przysz³y, l.m: Wy robinsonacie', 'Czas przysz³y, l.m: Oni/One robinsonaj¹']"
"['Odmiana wyrazu: rozg³adzaæ', 'Czas przesz³y, l.poj: Ja rozg³adza³em/rozg³adza³am/rozg³adza³om', 'Czas przesz³y, l.poj: Ty rozg³adza³eœ/rozg³adza³aœ/rozg³adza³oœ', 'Czas przesz³y, l.poj: On/Ona/Ono rozg³adza³/rozg³adza³a/rozg³adza³o', 'Czas przesz³y, l.m: My rozg³adzaliœmy/rozg³adza³œmy', 'Czas przesz³y, l.m: Wy rozg³adzaliœcie/rozg³adza³yœcie', 'Czas przesz³y, l.m: Oni/One rozg³adzali/rozg³adza³y', 'Czas terazniejszy, l.poj: Ja rozg³aujê', 'Czas terazniejszy, l.poj: Ty rozg³aujesz', 'Czas terazniejszy, l.poj: On/Ona/Ono rozg³auje', 'Czas terazniejszy, l.m: My rozg³aujemy', 'Czas terazniejszy, l.m: Wy rozg³aujecie', 'Czas terazniejszy, l.m: Oni/One rozg³auj¹', 'Czas przysz³y, l.poj: Ja rozg³aam', 'Czas przysz³y, l.poj: Ty rozg³aasz', 'Czas przysz³y, l.poj: On/Ona/Ono rozg³aa', 'Czas przysz³y, l.m: My rozg³aamy', 'Czas przysz³y, l.m: Wy rozg³aacie', 'Czas przysz³y, l.m: Oni/One rozg³aaj¹']"
"['Odmiana wyrazu: rozstrzelaæ', 'Czas przesz³y, l.poj: Ja rozstrzela³em/rozstrzela³am/rozstrzela³om', 'Czas przesz³y, l.poj: Ty rozstrzela³eœ/rozstrzela³aœ/rozstrzela³oœ', 'Czas przesz³y, l.poj: On/Ona/Ono rozstrzela³/rozstrzela³a/rozstrzela³o', 'Czas przesz³y, l.m: My rozstrzelaliœmy/rozstrzela³œmy', 'Czas przesz³y, l.m: Wy rozstrzelaliœcie/rozstrzela³yœcie', 'Czas przesz³y, l.m: Oni/One rozstrzelali/rozstrzela³y', 'Czas terazniejszy, l.poj: Ja rozstrzujê', 'Czas terazniejszy, l.poj: Ty rozstrzujesz', 'Czas terazniejszy, l.poj: On/Ona/Ono rozstrzuje', 'Czas terazniejszy, l.m: My rozstrzujemy', 'Czas terazniejszy, l.m: Wy rozstrzujecie', 'Czas terazniejszy, l.m: Oni/One rozstrzuj¹', 'Czas przysz³y, l.poj: Ja rozstrzam', 'Czas przysz³y, l.poj: Ty rozstrzasz', 'Czas przysz³y, l.poj: On/Ona/Ono rozstrza', 'Czas przysz³y, l.m: My rozstrzamy', 'Czas przysz³y, l.m: Wy rozstrzacie', 'Czas przysz³y, l.m: Oni/One rozstrzaj¹']"
"['Odmiana wyrazu: rozwydrzaæ', 'Czas przesz³y, l.poj: Ja rozwydrza³em/rozwydrza³am/rozwydrza³om', 'Czas przesz³y, l.poj: Ty rozwydrza³eœ/rozwydrza³aœ/rozwydrza³oœ', 'Czas przesz³y, l.poj: On/Ona/Ono rozwydrza³/rozwydrza³a/rozwydrza³o', 'Czas przesz³y, l.m: My rozwydrzaliœmy/rozwydrza³œmy', 'Czas przesz³y, l.m: Wy rozwydrzaliœcie/rozwydrza³yœcie', 'Czas przesz³y, l.m: Oni/One rozwydrzali/rozwydrza³y', 'Czas terazniejszy, l.poj: Ja rozwydujê', 'Czas terazniejszy, l.poj: Ty rozwydujesz', 'Czas terazniejszy, l.poj: On/Ona/Ono rozwyduje', 'Czas terazniejszy, l.m: My rozwydujemy', 'Czas terazniejszy, l.m: Wy rozwydujecie', 'Czas terazniejszy, l.m: Oni/One rozwyduj¹', 'Czas przysz³y, l.poj: Ja rozwydam', 'Czas przysz³y, l.poj: Ty rozwydasz', 'Czas przysz³y, l.poj: On/Ona/Ono rozwyda', 'Czas przysz³y, l.m: My rozwydamy', 'Czas przysz³y, l.m: Wy rozwydacie', 'Czas przysz³y, l.m: Oni/One rozwydaj¹']"
"['Odmiana wyrazu: rozwœcieczaæ', 'Czas przesz³y, l.poj: Ja rozwœciecza³em/rozwœciecza³am/rozwœciecza³om', 'Czas przesz³y, l.poj: Ty rozwœciecza³eœ/rozwœciecza³aœ/rozwœciecza³oœ', 'Czas przesz³y, l.poj: On/Ona/Ono rozwœciecza³/rozwœciecza³a/rozwœciecza³o', 'Czas przesz³y, l.m: My rozwœcieczaliœmy/rozwœciecza³œmy', 'Czas przesz³y, l.m: Wy rozwœcieczaliœcie/rozwœciecza³yœcie', 'Czas przesz³y, l.m: Oni/One rozwœcieczali/rozwœciecza³y', 'Czas terazniejszy, l.poj: Ja rozwœcieujê', 'Czas terazniejszy, l.poj: Ty rozwœcieujesz', 'Czas terazniejszy, l.poj: On/Ona/Ono rozwœcieuje', 'Czas terazniejszy, l.m: My rozwœcieujemy', 'Czas terazniejszy, l.m: Wy rozwœcieujecie', 'Czas terazniejszy, l.m: Oni/One rozwœcieuj¹', 'Czas przysz³y, l.poj: Ja rozwœcieam', 'Czas przysz³y, l.poj: Ty rozwœcieasz', 'Czas przysz³y, l.poj: On/Ona/Ono rozwœciea', 'Czas przysz³y, l.m: My rozwœcieamy', 'Czas przysz³y, l.m: Wy rozwœcieacie', 'Czas przysz³y, l.m: Oni/One rozwœcieaj¹']"
"['Odmiana wyrazu: spraktykowaæ', 'Czas przesz³y, l.poj: Ja spraktykowa³em/spraktykowa³am/spraktykowa³om', 'Czas przesz³y, l.poj: Ty spraktykowa³eœ/spraktykowa³aœ/spraktykowa³oœ', 'Czas przesz³y, l.poj: On/Ona/Ono spraktykowa³/spraktykowa³a/spraktykowa³o', 'Czas przesz³y, l.m: My spraktykowaliœmy/spraktykowa³œmy', 'Czas przesz³y, l.m: Wy spraktykowaliœcie/spraktykowa³yœcie', 'Czas przesz³y, l.m: Oni/One spraktykowali/spraktykowa³y', 'Czas terazniejszy, l.poj: Ja spraktykujê', 'Czas terazniejszy, l.poj: Ty spraktykujesz', 'Czas terazniejszy, l.poj: On/Ona/Ono spraktykuje', 'Czas terazniejszy, l.m: My spraktykujemy', 'Czas terazniejszy, l.m: Wy spraktykujecie', 'Czas terazniejszy, l.m: Oni/One spraktykuj¹', 'Czas przysz³y, l.poj: Ja spraktykam', 'Czas przysz³y, l.poj: Ty spraktykasz', 'Czas przysz³y, l.poj: On/Ona/Ono spraktyka', 'Czas przysz³y, l.m: My spraktykamy', 'Czas przysz³y, l.m: Wy spraktykacie', 'Czas przysz³y, l.m: Oni/One spraktykaj¹']"
"['Odmiana wyrazu: sp¹sowieæ', 'Czas przesz³y, l.poj: Ja sp¹sowie³em/sp¹sowie³am/sp¹sowie³om', 'Czas przesz³y, l.poj: Ty sp¹sowie³eœ/sp¹sowie³aœ/sp¹sowie³oœ', 'Czas przesz³y, l.poj: On/Ona/Ono sp¹sowie³/sp¹sowie³a/sp¹sowie³o', 'Czas przesz³y, l.m: My sp¹sowieliœmy/sp¹sowie³œmy', 'Czas przesz³y, l.m: Wy sp¹sowieliœcie/sp¹sowie³yœcie', 'Czas przesz³y, l.m: Oni/One sp¹sowieli/sp¹sowie³y', 'Czas terazniejszy, l.poj: Ja sp¹soujê', 'Czas terazniejszy, l.poj: Ty sp¹soujesz', 'Czas terazniejszy, l.poj: On/Ona/Ono sp¹souje', 'Czas terazniejszy, l.m: My sp¹soujemy', 'Czas terazniejszy, l.m: Wy sp¹soujecie', 'Czas terazniejszy, l.m: Oni/One sp¹souj¹', 'Czas przysz³y, l.poj: Ja sp¹soam', 'Czas przysz³y, l.poj: Ty sp¹soasz', 'Czas przysz³y, l.poj: On/Ona/Ono sp¹soa', 'Czas przysz³y, l.m: My sp¹soamy', 'Czas przysz³y, l.m: Wy sp¹soacie', 'Czas przysz³y, l.m: Oni/One sp¹soaj¹']"
"['Odmiana wyrazu: stosunkowaæ', 'Czas przesz³y, l.poj: Ja stosunkowa³em/stosunkowa³am/stosunkowa³om', 'Czas przesz³y, l.poj: Ty stosunkowa³eœ/stosunkowa³aœ/stosunkowa³oœ', 'Czas przesz³y, l.poj: On/Ona/Ono stosunkowa³/stosunkowa³a/stosunkowa³o', 'Czas przesz³y, l.m: My stosunkowaliœmy/stosunkowa³œmy', 'Czas przesz³y, l.m: Wy stosunkowaliœcie/stosunkowa³yœcie', 'Czas przesz³y, l.m: Oni/One stosunkowali/stosunkowa³y', 'Czas terazniejszy, l.poj: Ja stosunkujê', 'Czas terazniejszy, l.poj: Ty stosunkujesz', 'Czas terazniejszy, l.poj: On/Ona/Ono stosunkuje', 'Czas terazniejszy, l.m: My stosunkujemy', 'Czas terazniejszy, l.m: Wy stosunkujecie', 'Czas terazniejszy, l.m: Oni/One stosunkuj¹', 'Czas przysz³y, l.poj: Ja stosunkam', 'Czas przysz³y, l.poj: Ty stosunkasz', 'Czas przysz³y, l.poj: On/Ona/Ono stosunka', 'Czas przysz³y, l.m: My stosunkamy', 'Czas przysz³y, l.m: Wy stosunkacie', 'Czas przysz³y, l.m: Oni/One stosunkaj¹']"
"['Odmiana wyrazu: swobodnieæ', 'Czas przesz³y, l.poj: Ja swobodnie³em/swobodnie³am/swobodnie³om', 'Czas przesz³y, l.poj: Ty swobodnie³eœ/swobodnie³aœ/swobodnie³oœ', 'Czas przesz³y, l.poj: On/Ona/Ono swobodnie³/swobodnie³a/swobodnie³o', 'Czas przesz³y, l.m: My swobodnieliœmy/swobodnie³œmy', 'Czas przesz³y, l.m: Wy swobodnieliœcie/swobodnie³yœcie', 'Czas przesz³y, l.m: Oni/One swobodnieli/swobodnie³y', 'Czas terazniejszy, l.poj: Ja swobodujê', 'Czas terazniejszy, l.poj: Ty swobodujesz', 'Czas terazniejszy, l.poj: On/Ona/Ono swoboduje', 'Czas terazniejszy, l.m: My swobodujemy', 'Czas terazniejszy, l.m: Wy swobodujecie', 'Czas terazniejszy, l.m: Oni/One swoboduj¹', 'Czas przysz³y, l.poj: Ja swobodam', 'Czas przysz³y, l.poj: Ty swobodasz', 'Czas przysz³y, l.poj: On/Ona/Ono swoboda', 'Czas przysz³y, l.m: My swobodamy', 'Czas przysz³y, l.m: Wy swobodacie', 'Czas przysz³y, l.m: Oni/One swobodaj¹']"
"['Odmiana wyrazu: szpaltowaæ', 'Czas przesz³y, l.poj: Ja szpaltowa³em/szpaltowa³am/szpaltowa³om', 'Czas przesz³y, l.poj: Ty szpaltowa³eœ/szpaltowa³aœ/szpaltowa³oœ', 'Czas przesz³y, l.poj: On/Ona/Ono szpaltowa³/szpaltowa³a/szpaltowa³o', 'Czas przesz³y, l.m: My szpaltowaliœmy/szpaltowa³œmy', 'Czas przesz³y, l.m: Wy szpaltowaliœcie/szpaltowa³yœcie', 'Czas przesz³y, l.m: Oni/One szpaltowali/szpaltowa³y', 'Czas terazniejszy, l.poj: Ja szpaltujê', 'Czas terazniejszy, l.poj: Ty szpaltujesz', 'Czas terazniejszy, l.poj: On/Ona/Ono szpaltuje', 'Czas terazniejszy, l.m: My szpaltujemy', 'Czas terazniejszy, l.m: Wy szpaltujecie', 'Czas terazniejszy, l.m: Oni/One szpaltuj¹', 'Czas przysz³y, l.poj: Ja szpaltam', 'Czas przysz³y, l.poj: Ty szpaltasz', 'Czas przysz³y, l.poj: On/Ona/Ono szpalta', 'Czas przysz³y, l.m: My szpaltamy', 'Czas przysz³y, l.m: Wy szpaltacie', 'Czas przysz³y, l.m: Oni/One szpaltaj¹']"
"['Odmiana wyrazu: trutynowaæ', 'Czas przesz³y, l.poj: Ja trutynowa³em/trutynowa³am/trutynowa³om', 'Czas przesz³y, l.poj: Ty trutynowa³eœ/trutynowa³aœ/trutynowa³oœ', 'Czas przesz³y, l.poj: On/Ona/Ono trutynowa³/trutynowa³a/trutynowa³o', 'Czas przesz³y, l.m: My trutynowaliœmy/trutynowa³œmy', 'Czas przesz³y, l.m: Wy trutynowaliœcie/trutynowa³yœcie', 'Czas przesz³y, l.m: Oni/One trutynowali/trutynowa³y', 'Czas terazniejszy, l.poj: Ja trutynujê', 'Czas terazniejszy, l.poj: Ty trutynujesz', 'Czas terazniejszy, l.poj: On/Ona/Ono trutynuje', 'Czas terazniejszy, l.m: My trutynujemy', 'Czas terazniejszy, l.m: Wy trutynujecie', 'Czas terazniejszy, l.m: Oni/One trutynuj¹', 'Czas przysz³y, l.poj: Ja trutynam', 'Czas przysz³y, l.poj: Ty trutynasz', 'Czas przysz³y, l.poj: On/Ona/Ono trutyna', 'Czas przysz³y, l.m: My trutynamy', 'Czas przysz³y, l.m: Wy trutynacie', 'Czas przysz³y, l.m: Oni/One trutynaj¹']"
"['Odmiana wyrazu: ubezpieczyæ', 'Czas przesz³y, l.poj: Ja ubezpieczy³em/ubezpieczy³am/ubezpieczy³om', 'Czas przesz³y, l.poj: Ty ubezpieczy³eœ/ubezpieczy³aœ/ubezpieczy³oœ', 'Czas przesz³y, l.poj: On/Ona/Ono ubezpieczy³/ubezpieczy³a/ubezpieczy³o', 'Czas przesz³y, l.m: My ubezpieczyliœmy/ubezpieczy³œmy', 'Czas przesz³y, l.m: Wy ubezpieczyliœcie/ubezpieczy³yœcie', 'Czas przesz³y, l.m: Oni/One ubezpieczyli/ubezpieczy³y', 'Czas terazniejszy, l.poj: Ja ubezpieujê', 'Czas terazniejszy, l.poj: Ty ubezpieujesz', 'Czas terazniejszy, l.poj: On/Ona/Ono ubezpieuje', 'Czas terazniejszy, l.m: My ubezpieujemy', 'Czas terazniejszy, l.m: Wy ubezpieujecie', 'Czas terazniejszy, l.m: Oni/One ubezpieuj¹', 'Czas przysz³y, l.poj: Ja ubezpieam', 'Czas przysz³y, l.poj: Ty ubezpieasz', 'Czas przysz³y, l.poj: On/Ona/Ono ubezpiea', 'Czas przysz³y, l.m: My ubezpieamy', 'Czas przysz³y, l.m: Wy ubezpieacie', 'Czas przysz³y, l.m: Oni/One ubezpieaj¹']"
"['Odmiana wyrazu: uniedostêpniaæ', 'Czas przesz³y, l.poj: Ja uniedostêpnia³em/uniedostêpnia³am/uniedostêpnia³om', 'Czas przesz³y, l.poj: Ty uniedostêpnia³eœ/uniedostêpnia³aœ/uniedostêpnia³oœ', 'Czas przesz³y, l.poj: On/Ona/Ono uniedostêpnia³/uniedostêpnia³a/uniedostêpnia³o', 'Czas przesz³y, l.m: My uniedostêpnialiœmy/uniedostêpnia³œmy', 'Czas przesz³y, l.m: Wy uniedostêpnialiœcie/uniedostêpnia³yœcie', 'Czas przesz³y, l.m: Oni/One uniedostêpniali/uniedostêpnia³y', 'Czas terazniejszy, l.poj: Ja uniedostêpujê', 'Czas terazniejszy, l.poj: Ty uniedostêpujesz', 'Czas terazniejszy, l.poj: On/Ona/Ono uniedostêpuje', 'Czas terazniejszy, l.m: My uniedostêpujemy', 'Czas terazniejszy, l.m: Wy uniedostêpujecie', 'Czas terazniejszy, l.m: Oni/One uniedostêpuj¹', 'Czas przysz³y, l.poj: Ja uniedostêpam', 'Czas przysz³y, l.poj: Ty uniedostêpasz', 'Czas przysz³y, l.poj: On/Ona/Ono uniedostêpa', 'Czas przysz³y, l.m: My uniedostêpamy', 'Czas przysz³y, l.m: Wy uniedostêpacie', 'Czas przysz³y, l.m: Oni/One uniedostêpaj¹']"
"['Odmiana wyrazu: urzynaæ', 'Czas przesz³y, l.poj: Ja urzyna³em/urzyna³am/urzyna³om', 'Czas przesz³y, l.poj: Ty urzyna³eœ/urzyna³aœ/urzyna³oœ', 'Czas przesz³y, l.poj: On/Ona/Ono urzyna³/urzyna³a/urzyna³o', 'Czas przesz³y, l.m: My urzynaliœmy/urzyna³œmy', 'Czas przesz³y, l.m: Wy urzynaliœcie/urzyna³yœcie', 'Czas przesz³y, l.m: Oni/One urzynali/urzyna³y', 'Czas terazniejszy, l.poj: Ja urzujê', 'Czas terazniejszy, l.poj: Ty urzujesz', 'Czas terazniejszy, l.poj: On/Ona/Ono urzuje', 'Czas terazniejszy, l.m: My urzujemy', 'Czas terazniejszy, l.m: Wy urzujecie', 'Czas terazniejszy, l.m: Oni/One urzuj¹', 'Czas przysz³y, l.poj: Ja urzam', 'Czas przysz³y, l.poj: Ty urzasz', 'Czas przysz³y, l.poj: On/Ona/Ono urza', 'Czas przysz³y, l.m: My urzamy', 'Czas przysz³y, l.m: Wy urzacie', 'Czas przysz³y, l.m: Oni/One urzaj¹']"
"['Odmiana wyrazu: wp³ukaæ', 'Czas przesz³y, l.poj: Ja wp³uka³em/wp³uka³am/wp³uka³om', 'Czas przesz³y, l.poj: Ty wp³uka³eœ/wp³uka³aœ/wp³uka³oœ', 'Czas przesz³y, l.poj: On/Ona/Ono wp³uka³/wp³uka³a/wp³uka³o', 'Czas przesz³y, l.m: My wp³ukaliœmy/wp³uka³œmy', 'Czas przesz³y, l.m: Wy wp³ukaliœcie/wp³uka³yœcie', 'Czas przesz³y, l.m: Oni/One wp³ukali/wp³uka³y', 'Czas terazniejszy, l.poj: Ja wp³ujê', 'Czas terazniejszy, l.poj: Ty wp³ujesz', 'Czas terazniejszy, l.poj: On/Ona/Ono wp³uje', 'Czas terazniejszy, l.m: My wp³ujemy', 'Czas terazniejszy, l.m: Wy wp³ujecie', 'Czas terazniejszy, l.m: Oni/One wp³uj¹', 'Czas przysz³y, l.poj: Ja wp³am', 'Czas przysz³y, l.poj: Ty wp³asz', 'Czas przysz³y, l.poj: On/Ona/Ono wp³a', 'Czas przysz³y, l.m: My wp³amy', 'Czas przysz³y, l.m: Wy wp³acie', 'Czas przysz³y, l.m: Oni/One wp³aj¹']"
"['Odmiana wyrazu: wtrawiæ', 'Czas przesz³y, l.poj: Ja wtrawi³em/wtrawi³am/wtrawi³om', 'Czas przesz³y, l.poj: Ty wtrawi³eœ/wtrawi³aœ/wtrawi³oœ', 'Czas przesz³y, l.poj: On/Ona/Ono wtrawi³/wtrawi³a/wtrawi³o', 'Czas przesz³y, l.m: My wtrawiliœmy/wtrawi³œmy', 'Czas przesz³y, l.m: Wy wtrawiliœcie/wtrawi³yœcie', 'Czas przesz³y, l.m: Oni/One wtrawili/wtrawi³y', 'Czas terazniejszy, l.poj: Ja wtrujê', 'Czas terazniejszy, l.poj: Ty wtrujesz', 'Czas terazniejszy, l.poj: On/Ona/Ono wtruje', 'Czas terazniejszy, l.m: My wtrujemy', 'Czas terazniejszy, l.m: Wy wtrujecie', 'Czas terazniejszy, l.m: Oni/One wtruj¹', 'Czas przysz³y, l.poj: Ja wtram', 'Czas przysz³y, l.poj: Ty wtrasz', 'Czas przysz³y, l.poj: On/Ona/Ono wtra', 'Czas przysz³y, l.m: My wtramy', 'Czas przysz³y, l.m: Wy wtracie', 'Czas przysz³y, l.m: Oni/One wtraj¹']"
"['Odmiana wyrazu: wyd³utowaæ', 'Czas przesz³y, l.poj: Ja wyd³utowa³em/wyd³utowa³am/wyd³utowa³om', 'Czas przesz³y, l.poj: Ty wyd³utowa³eœ/wyd³utowa³aœ/wyd³utowa³oœ', 'Czas przesz³y, l.poj: On/Ona/Ono wyd³utowa³/wyd³utowa³a/wyd³utowa³o', 'Czas przesz³y, l.m: My wyd³utowaliœmy/wyd³utowa³œmy', 'Czas przesz³y, l.m: Wy wyd³utowaliœcie/wyd³utowa³yœcie', 'Czas przesz³y, l.m: Oni/One wyd³utowali/wyd³utowa³y', 'Czas terazniejszy, l.poj: Ja wyd³utujê', 'Czas terazniejszy, l.poj: Ty wyd³utujesz', 'Czas terazniejszy, l.poj: On/Ona/Ono wyd³utuje', 'Czas terazniejszy, l.m: My wyd³utujemy', 'Czas terazniejszy, l.m: Wy wyd³utujecie', 'Czas terazniejszy, l.m: Oni/One wyd³utuj¹', 'Czas przysz³y, l.poj: Ja wyd³utam', 'Czas przysz³y, l.poj: Ty wyd³utasz', 'Czas przysz³y, l.poj: On/Ona/Ono wyd³uta', 'Czas przysz³y, l.m: My wyd³utamy', 'Czas przysz³y, l.m: Wy wyd³utacie', 'Czas przysz³y, l.m: Oni/One wyd³utaj¹']"
"['Odmiana wyrazu: wymydliæ', 'Czas przesz³y, l.poj: Ja wymydli³em/wymydli³am/wymydli³om', 'Czas przesz³y, l.poj: Ty wymydli³eœ/wymydli³aœ/wymydli³oœ', 'Czas przesz³y, l.poj: On/Ona/Ono wymydli³/wymydli³a/wymydli³o', 'Czas przesz³y, l.m: My wymydliliœmy/wymydli³œmy', 'Czas przesz³y, l.m: Wy wymydliliœcie/wymydli³yœcie', 'Czas przesz³y, l.m: Oni/One wymydlili/wymydli³y', 'Czas terazniejszy, l.poj: Ja wymyujê', 'Czas terazniejszy, l.poj: Ty wymyujesz', 'Czas terazniejszy, l.poj: On/Ona/Ono wymyuje', 'Czas terazniejszy, l.m: My wymyujemy', 'Czas terazniejszy, l.m: Wy wymyujecie', 'Czas terazniejszy, l.m: Oni/One wymyuj¹', 'Czas przysz³y, l.poj: Ja wymyam', 'Czas przysz³y, l.poj: Ty wymyasz', 'Czas przysz³y, l.poj: On/Ona/Ono wymya', 'Czas przysz³y, l.m: My wymyamy', 'Czas przysz³y, l.m: Wy wymyacie', 'Czas przysz³y, l.m: Oni/One wymyaj¹']"
"['Odmiana wyrazu: wypogodnieæ', 'Czas przesz³y, l.poj: Ja wypogodnie³em/wypogodnie³am/wypogodnie³om', 'Czas przesz³y, l.poj: Ty wypogodnie³eœ/wypogodnie³aœ/wypogodnie³oœ', 'Czas przesz³y, l.poj: On/Ona/Ono wypogodnie³/wypogodnie³a/wypogodnie³o', 'Czas przesz³y, l.m: My wypogodnieliœmy/wypogodnie³œmy', 'Czas przesz³y, l.m: Wy wypogodnieliœcie/wypogodnie³yœcie', 'Czas przesz³y, l.m: Oni/One wypogodnieli/wypogodnie³y', 'Czas terazniejszy, l.poj: Ja wypogodujê', 'Czas terazniejszy, l.poj: Ty wypogodujesz', 'Czas terazniejszy, l.poj: On/Ona/Ono wypogoduje', 'Czas terazniejszy, l.m: My wypogodujemy', 'Czas terazniejszy, l.m: Wy wypogodujecie', 'Czas terazniejszy, l.m: Oni/One wypogoduj¹', 'Czas przysz³y, l.poj: Ja wypogodam', 'Czas przysz³y, l.poj: Ty wypogodasz', 'Czas przysz³y, l.poj: On/Ona/Ono wypogoda', 'Czas przysz³y, l.m: My wypogodamy', 'Czas przysz³y, l.m: Wy wypogodacie', 'Czas przysz³y, l.m: Oni/One wypogodaj¹']"
"['Odmiana wyrazu: wyszeleœciæ', 'Czas przesz³y, l.poj: Ja wyszeleœci³em/wyszeleœci³am/wyszeleœci³om', 'Czas przesz³y, l.poj: Ty wyszeleœci³eœ/wyszeleœci³aœ/wyszeleœci³oœ', 'Czas przesz³y, l.poj: On/Ona/Ono wyszeleœci³/wyszeleœci³a/wyszeleœci³o', 'Czas przesz³y, l.m: My wyszeleœciliœmy/wyszeleœci³œmy', 'Czas przesz³y, l.m: Wy wyszeleœciliœcie/wyszeleœci³yœcie', 'Czas przesz³y, l.m: Oni/One wyszeleœcili/wyszeleœci³y', 'Czas terazniejszy, l.poj: Ja wyszeleujê', 'Czas terazniejszy, l.poj: Ty wyszeleujesz', 'Czas terazniejszy, l.poj: On/Ona/Ono wyszeleuje', 'Czas terazniejszy, l.m: My wyszeleujemy', 'Czas terazniejszy, l.m: Wy wyszeleujecie', 'Czas terazniejszy, l.m: Oni/One wyszeleuj¹', 'Czas przysz³y, l.poj: Ja wyszeleam', 'Czas przysz³y, l.poj: Ty wyszeleasz', 'Czas przysz³y, l.poj: On/Ona/Ono wyszelea', 'Czas przysz³y, l.m: My wyszeleamy', 'Czas przysz³y, l.m: Wy wyszeleacie', 'Czas przysz³y, l.m: Oni/One wyszeleaj¹']"
"['Odmiana wyrazu: wzywaæ', 'Czas przesz³y, l.poj: Ja wzywa³em/wzywa³am/wzywa³om', 'Czas przesz³y, l.poj: Ty wzywa³eœ/wzywa³aœ/wzywa³oœ', 'Czas przesz³y, l.poj: On/Ona/Ono wzywa³/wzywa³a/wzywa³o', 'Czas przesz³y, l.m: My wzywaliœmy/wzywa³œmy', 'Czas przesz³y, l.m: Wy wzywaliœcie/wzywa³yœcie', 'Czas przesz³y, l.m: Oni/One wzywali/wzywa³y', 'Czas terazniejszy, l.poj: Ja wzujê', 'Czas terazniejszy, l.poj: Ty wzujesz', 'Czas terazniejszy, l.poj: On/Ona/Ono wzuje', 'Czas terazniejszy, l.m: My wzujemy', 'Czas terazniejszy, l.m: Wy wzujecie', 'Czas terazniejszy, l.m: Oni/One wzuj¹', 'Czas przysz³y, l.poj: Ja wzam', 'Czas przysz³y, l.poj: Ty wzasz', 'Czas przysz³y, l.poj: On/Ona/Ono wza', 'Czas przysz³y, l.m: My wzamy', 'Czas przysz³y, l.m: Wy wzacie', 'Czas przysz³y, l.m: Oni/One wzaj¹']"
"['Odmiana wyrazu: zachrzypieæ', 'Czas przesz³y, l.poj: Ja zachrzypie³em/zachrzypie³am/zachrzypie³om', 'Czas przesz³y, l.poj: Ty zachrzypie³eœ/zachrzypie³aœ/zachrzypie³oœ', 'Czas przesz³y, l.poj: On/Ona/Ono zachrzypie³/zachrzypie³a/zachrzypie³o', 'Czas przesz³y, l.m: My zachrzypieliœmy/zachrzypie³œmy', 'Czas przesz³y, l.m: Wy zachrzypieliœcie/zachrzypie³yœcie', 'Czas przesz³y, l.m: Oni/One zachrzypieli/zachrzypie³y', 'Czas terazniejszy, l.poj: Ja zachrzyujê', 'Czas terazniejszy, l.poj: Ty zachrzyujesz', 'Czas terazniejszy, l.poj: On/Ona/Ono zachrzyuje', 'Czas terazniejszy, l.m: My zachrzyujemy', 'Czas terazniejszy, l.m: Wy zachrzyujecie', 'Czas terazniejszy, l.m: Oni/One zachrzyuj¹', 'Czas przysz³y, l.poj: Ja zachrzyam', 'Czas przysz³y, l.poj: Ty zachrzyasz', 'Czas przysz³y, l.poj: On/Ona/Ono zachrzya', 'Czas przysz³y, l.m: My zachrzyamy', 'Czas przysz³y, l.m: Wy zachrzyacie', 'Czas przysz³y, l.m: Oni/One zachrzyaj¹']"
"['Odmiana wyrazu: zamrugaæ', 'Czas przesz³y, l.poj: Ja zamruga³em/zamruga³am/zamruga³om', 'Czas przesz³y, l.poj: Ty zamruga³eœ/zamruga³aœ/zamruga³oœ', 'Czas przesz³y, l.poj: On/Ona/Ono zamruga³/zamruga³a/zamruga³o', 'Czas przesz³y, l.m: My zamrugaliœmy/zamruga³œmy', 'Czas przesz³y, l.m: Wy zamrugaliœcie/zamruga³yœcie', 'Czas przesz³y, l.m: Oni/One zamrugali/zamruga³y', 'Czas terazniejszy, l.poj: Ja zamrujê', 'Czas terazniejszy, l.poj: Ty zamrujesz', 'Czas terazniejszy, l.poj: On/Ona/Ono zamruje', 'Czas terazniejszy, l.m: My zamrujemy', 'Czas terazniejszy, l.m: Wy zamrujecie', 'Czas terazniejszy, l.m: Oni/One zamruj¹', 'Czas przysz³y, l.poj: Ja zamram', 'Czas przysz³y, l.poj: Ty zamrasz', 'Czas przysz³y, l.poj: On/Ona/Ono zamra', 'Czas przysz³y, l.m: My zamramy', 'Czas przysz³y, l.m: Wy zamracie', 'Czas przysz³y, l.m: Oni/One zamraj¹']"
"['Odmiana wyrazu: zawalcowaæ', 'Czas przesz³y, l.poj: Ja zawalcowa³em/zawalcowa³am/zawalcowa³om', 'Czas przesz³y, l.poj: Ty zawalcowa³eœ/zawalcowa³aœ/zawalcowa³oœ', 'Czas przesz³y, l.poj: On/Ona/Ono zawalcowa³/zawalcowa³a/zawalcowa³o', 'Czas przesz³y, l.m: My zawalcowaliœmy/zawalcowa³œmy', 'Czas przesz³y, l.m: Wy zawalcowaliœcie/zawalcowa³yœcie', 'Czas przesz³y, l.m: Oni/One zawalcowali/zawalcowa³y', 'Czas terazniejszy, l.poj: Ja zawalcujê', 'Czas terazniejszy, l.poj: Ty zawalcujesz', 'Czas terazniejszy, l.poj: On/Ona/Ono zawalcuje', 'Czas terazniejszy, l.m: My zawalcujemy', 'Czas terazniejszy, l.m: Wy zawalcujecie', 'Czas terazniejszy, l.m: Oni/One zawalcuj¹', 'Czas przysz³y, l.poj: Ja zawalcam', 'Czas przysz³y, l.poj: Ty zawalcasz', 'Czas przysz³y, l.poj: On/Ona/Ono zawalca', 'Czas przysz³y, l.m: My zawalcamy', 'Czas przysz³y, l.m: Wy zawalcacie', 'Czas przysz³y, l.m: Oni/One zawalcaj¹']"
"['Odmiana wyrazu: zbli¿yæ', 'Czas przesz³y, l.poj: Ja zbli¿y³em/zbli¿y³am/zbli¿y³om', 'Czas przesz³y, l.poj: Ty zbli¿y³eœ/zbli¿y³aœ/zbli¿y³oœ', 'Czas przesz³y, l.poj: On/Ona/Ono zbli¿y³/zbli¿y³a/zbli¿y³o', 'Czas przesz³y, l.m: My zbli¿yliœmy/zbli¿y³œmy', 'Czas przesz³y, l.m: Wy zbli¿yliœcie/zbli¿y³yœcie', 'Czas przesz³y, l.m: Oni/One zbli¿yli/zbli¿y³y', 'Czas terazniejszy, l.poj: Ja zblujê', 'Czas terazniejszy, l.poj: Ty zblujesz', 'Czas terazniejszy, l.poj: On/Ona/Ono zbluje', 'Czas terazniejszy, l.m: My zblujemy', 'Czas terazniejszy, l.m: Wy zblujecie', 'Czas terazniejszy, l.m: Oni/One zbluj¹', 'Czas przysz³y, l.poj: Ja zblam', 'Czas przysz³y, l.poj: Ty zblasz', 'Czas przysz³y, l.poj: On/Ona/Ono zbla', 'Czas przysz³y, l.m: My zblamy', 'Czas przysz³y, l.m: Wy zblacie', 'Czas przysz³y, l.m: Oni/One zblaj¹']"
